NUM_LIGACAO;REFERENCIA;VALOR_FATURADO
10000;2025-01;140,29
10000;2025-02;135,04
10000;2025-03;117,63
10000;2025-04;117,63
10000;2025-05;113,77
10000;2025-06;145,57
10000;2025-07;135,14
10000;2025-08;139,35
10000;2025-09;112,3
10000;2025-10;149,65
10000;2025-11;144,24
10000;2025-12;119,84
10001;2025-01;95,25
10001;2025-02;92,62
10001;2025-03;88,63
10001;2025-04;97,72
10001;2025-05;84,32
10001;2025-06;88,65
10001;2025-07;90,76
10001;2025-08;93,3
10001;2025-09;102,64
10001;2025-10;86,03
10001;2025-11;94,95
10001;2025-12;0,23
10002;2025-01;199,06
10002;2025-02;199,94
10002;2025-03;191,66
10002;2025-04;165,15
10002;2025-05;154,26
10002;2025-06;185,13
10002;2025-07;0,61
10002;2025-08;175,18
10002;2025-09;150,93
10002;2025-10;196,98
10002;2025-11;162,74
10002;2025-12;183,99
10003;2025-01;120,9
10003;2025-02;107,95
10003;2025-03;136,02
10003;2025-04;129,07
10003;2025-05;134,94
10003;2025-06;133,35
10003;2025-07;122,73
10003;2025-08;134,31
10003;2025-09;104,51
10003;2025-10;108,35
10003;2025-11;102,96
10003;2025-12;112,98
10004;2025-01;128,1
10004;2025-02;125,05
10004;2025-03;135,56
10004;2025-04;119,43
10004;2025-05;0,37
10004;2025-06;153,4
10004;2025-07;144,78
10004;2025-08;121,75
10004;2025-09;113,99
10004;2025-10;146,52
10004;2025-11;142,15
10004;2025-12;143,04
10005;2025-01;182,74
10005;2025-02;229,04
10005;2025-03;214,18
10005;2025-04;196,06
10005;2025-05;179,5
10005;2025-06;194,83
10005;2025-07;3,65
10005;2025-08;215,06
10005;2025-09;230,53
10005;2025-10;204,82
10005;2025-11;182,97
10005;2025-12;219,75
10006;2025-01;221,18
10006;2025-02;204,17
10006;2025-03;205,94
10006;2025-04;200,1
10006;2025-05;175,43
10006;2025-06;180,49
10006;2025-07;175,8
10006;2025-08;212,92
10006;2025-09;193,16
10006;2025-10;205,08
10006;2025-11;229,56
10006;2025-12;189,16
10007;2025-01;126,75
10007;2025-02;120,46
10007;2025-03;129,27
10007;2025-04;123,95
10007;2025-05;155,76
10007;2025-06;150,73
10007;2025-07;143,49
10007;2025-08;153,35
10007;2025-09;150,54
10007;2025-10;125,0
10007;2025-11;154,22
10007;2025-12;139,6
10008;2025-01;201,76
10008;2025-02;188,45
10008;2025-03;195,99
10008;2025-04;208,75
10008;2025-05;233,77
10008;2025-06;236,51
10008;2025-07;181,85
10008;2025-08;214,1
10008;2025-09;208,13
10008;2025-10;195,62
10008;2025-11;189,08
10008;2025-12;203,02
10009;2025-01;240,5
10009;2025-02;253,72
10009;2025-03;229,37
10009;2025-04;273,0
10009;2025-05;272,33
10009;2025-06;221,34
10009;2025-07;238,96
10009;2025-08;224,87
10009;2025-09;223,72
10009;2025-10;205,93
10009;2025-11;247,01
10009;2025-12;239,35
10010;2025-01;319,57
10010;2025-02;69,56
10010;2025-03;79,95
10010;2025-04;64,38
10010;2025-05;73,38
10010;2025-06;75,26
10010;2025-07;64,29
10010;2025-08;74,56
10010;2025-09;67,01
10010;2025-10;72,55
10010;2025-11;72,58
10010;2025-12;70,53
10011;2025-01;73,01
10011;2025-02;69,9
10011;2025-03;66,53
10011;2025-04;79,26
10011;2025-05;81,27
10011;2025-06;65,97
10011;2025-07;77,43
10011;2025-08;70,82
10011;2025-09;80,52
10011;2025-10;69,62
10011;2025-11;81,57
10011;2025-12;74,53
10012;2025-01;210,38
10012;2025-02;268,3
10012;2025-03;264,92
10012;2025-04;220,7
10012;2025-05;249,4
10012;2025-06;260,63
10012;2025-07;241,92
10012;2025-08;240,1
10012;2025-09;219,55
10012;2025-10;208,93
10012;2025-11;266,34
10012;2025-12;1554,57
10013;2025-01;132,85
10013;2025-02;139,24
10013;2025-03;138,86
10013;2025-04;134,86
10013;2025-05;129,72
10013;2025-06;108,89
10013;2025-07;111,79
10013;2025-08;139,29
10013;2025-09;128,39
10013;2025-10;106,1
10013;2025-11;109,54
10013;2025-12;130,52
10014;2025-01;64,47
10014;2025-02;1,12
10014;2025-03;64,84
10014;2025-04;56,16
10014;2025-05;57,77
10014;2025-06;65,47
10014;2025-07;63,7
10014;2025-08;67,35
10014;2025-09;63,84
10014;2025-10;62,21
10014;2025-11;53,53
10014;2025-12;58,54
10015;2025-01;106,85
10015;2025-02;123,37
10015;2025-03;114,73
10015;2025-04;120,15
10015;2025-05;110,48
10015;2025-06;2,46
10015;2025-07;100,3
10015;2025-08;117,76
10015;2025-09;103,13
10015;2025-10;94,64
10015;2025-11;115,21
10015;2025-12;99,7
10016;2025-01;268,39
10016;2025-02;229,39
10016;2025-03;203,99
10016;2025-04;269,36
10016;2025-05;233,54
10016;2025-06;272,1
10016;2025-07;271,89
10016;2025-08;263,96
10016;2025-09;223,97
10016;2025-10;230,46
10016;2025-11;263,83
10016;2025-12;225,58
10017;2025-01;104,27
10017;2025-02;97,63
10017;2025-03;94,14
10017;2025-04;81,06
10017;2025-05;95,38
10017;2025-06;105,76
10017;2025-07;82,25
10017;2025-08;92,71
10017;2025-09;102,64
10017;2025-10;98,86
10017;2025-11;97,65
10017;2025-12;97,8
10018;2025-01;140,24
10018;2025-02;142,43
10018;2025-03;144,21
10018;2025-04;128,74
10018;2025-05;128,36
10018;2025-06;139,78
10018;2025-07;3,51
10018;2025-08;139,69
10018;2025-09;143,32
10018;2025-10;122,07
10018;2025-11;123,51
10018;2025-12;112,68
10019;2025-01;172,05
10019;2025-02;158,99
10019;2025-03;174,5
10019;2025-04;145,95
10019;2025-05;146,3
10019;2025-06;186,31
10019;2025-07;162,75
10019;2025-08;150,87
10019;2025-09;3,85
10019;2025-10;155,39
10019;2025-11;176,14
10019;2025-12;148,74
10020;2025-01;70,67
10020;2025-02;72,7
10020;2025-03;74,56
10020;2025-04;79,79
10020;2025-05;70,16
10020;2025-06;66,11
10020;2025-07;76,0
10020;2025-08;65,02
10020;2025-09;68,54
10020;2025-10;60,99
10020;2025-11;59,88
10020;2025-12;79,51
10021;2025-01;212,86
10021;2025-02;197,39
10021;2025-03;196,28
10021;2025-04;202,44
10021;2025-05;222,07
10021;2025-06;232,92
10021;2025-07;229,35
10021;2025-08;204,39
10021;2025-09;248,7
10021;2025-10;234,45
10021;2025-11;222,4
10021;2025-12;226,17
10022;2025-01;123,8
10022;2025-02;133,1
10022;2025-03;611,52
10022;2025-04;131,82
10022;2025-05;159,82
10022;2025-06;126,11
10022;2025-07;119,48
10022;2025-08;150,76
10022;2025-09;152,59
10022;2025-10;133,28
10022;2025-11;138,24
10022;2025-12;146,0
10023;2025-01;77,15
10023;2025-02;64,17
10023;2025-03;59,08
10023;2025-04;78,12
10023;2025-05;69,15
10023;2025-06;69,95
10023;2025-07;72,95
10023;2025-08;71,53
10023;2025-09;78,34
10023;2025-10;78,34
10023;2025-11;76,75
10023;2025-12;71,96
10024;2025-01;216,85
10024;2025-02;188,53
10024;2025-03;231,99
10024;2025-04;232,59
10024;2025-05;220,2
10024;2025-06;232,58
10024;2025-07;221,82
10024;2025-08;193,51
10024;2025-09;197,79
10024;2025-10;194,01
10024;2025-11;204,37
10024;2025-12;182,83
10025;2025-01;185,76
10025;2025-02;171,37
10025;2025-03;187,14
10025;2025-04;168,98
10025;2025-05;164,73
10025;2025-06;177,26
10025;2025-07;187,74
10025;2025-08;169,39
10025;2025-09;200,72
10025;2025-10;152,93
10025;2025-11;173,1
10025;2025-12;202,36
10026;2025-01;167,49
10026;2025-02;167,85
10026;2025-03;175,52
10026;2025-04;145,78
10026;2025-05;151,81
10026;2025-06;168,08
10026;2025-07;182,19
10026;2025-08;167,16
10026;2025-09;151,24
10026;2025-10;172,97
10026;2025-11;175,93
10026;2025-12;151,23
10027;2025-01;131,63
10027;2025-02;127,41
10027;2025-03;123,77
10027;2025-04;115,96
10027;2025-05;114,12
10027;2025-06;149,89
10027;2025-07;145,49
10027;2025-08;126,03
10027;2025-09;149,83
10027;2025-10;138,76
10027;2025-11;131,08
10027;2025-12;131,49
10028;2025-01;77,05
10028;2025-02;69,29
10028;2025-03;85,97
10028;2025-04;82,22
10028;2025-05;67,03
10028;2025-06;85,63
10028;2025-07;86,61
10028;2025-08;87,11
10028;2025-09;65,72
10028;2025-10;81,22
10028;2025-11;76,87
10028;2025-12;597,08
10029;2025-01;211,72
10029;2025-02;210,09
10029;2025-03;186,5
10029;2025-04;174,85
10029;2025-05;184,81
10029;2025-06;213,15
10029;2025-07;170,51
10029;2025-08;191,49
10029;2025-09;175,46
10029;2025-10;195,38
10029;2025-11;211,5
10029;2025-12;212,49
10030;2025-01;107,86
10030;2025-02;100,25
10030;2025-03;111,53
10030;2025-04;104,39
10030;2025-05;101,13
10030;2025-06;111,43
10030;2025-07;97,06
10030;2025-08;99,62
10030;2025-09;102,91
10030;2025-10;97,21
10030;2025-11;101,98
10030;2025-12;107,22
10031;2025-01;220,23
10031;2025-02;215,5
10031;2025-03;211,69
10031;2025-04;184,97
10031;2025-05;194,77
10031;2025-06;199,44
10031;2025-07;175,66
10031;2025-08;202,49
10031;2025-09;196,95
10031;2025-10;218,98
10031;2025-11;229,57
10031;2025-12;204,16
10032;2025-01;136,56
10032;2025-02;112,32
10032;2025-03;128,42
10032;2025-04;105,86
10032;2025-05;590,45
10032;2025-06;113,83
10032;2025-07;139,36
10032;2025-08;128,48
10032;2025-09;117,1
10032;2025-10;129,94
10032;2025-11;136,42
10032;2025-12;138,0
10033;2025-01;62,62
10033;2025-02;67,49
10033;2025-03;63,96
10033;2025-04;74,12
10033;2025-05;68,61
10033;2025-06;65,23
10033;2025-07;66,01
10033;2025-08;68,02
10033;2025-09;65,88
10033;2025-10;70,0
10033;2025-11;61,03
10033;2025-12;66,3
10034;2025-01;128,64
10034;2025-02;122,93
10034;2025-03;120,57
10034;2025-04;156,38
10034;2025-05;134,67
10034;2025-06;141,49
10034;2025-07;155,5
10034;2025-08;120,84
10034;2025-09;153,74
10034;2025-10;140,27
10034;2025-11;124,24
10034;2025-12;134,45
10035;2025-01;237,99
10035;2025-02;200,06
10035;2025-03;223,3
10035;2025-04;201,08
10035;2025-05;228,26
10035;2025-06;212,05
10035;2025-07;180,54
10035;2025-08;178,88
10035;2025-09;184,92
10035;2025-10;177,43
10035;2025-11;181,28
10035;2025-12;219,69
10036;2025-01;181,55
10036;2025-02;165,65
10036;2025-03;172,48
10036;2025-04;173,98
10036;2025-05;155,61
10036;2025-06;148,98
10036;2025-07;147,23
10036;2025-08;149,48
10036;2025-09;150,61
10036;2025-10;147,34
10036;2025-11;179,85
10036;2025-12;173,98
10037;2025-01;68,87
10037;2025-02;68,42
10037;2025-03;75,76
10037;2025-04;64,94
10037;2025-05;75,45
10037;2025-06;78,58
10037;2025-07;3,96
10037;2025-08;70,77
10037;2025-09;68,5
10037;2025-10;67,27
10037;2025-11;74,8
10037;2025-12;71,79
10038;2025-01;220,45
10038;2025-02;243,65
10038;2025-03;219,86
10038;2025-04;221,69
10038;2025-05;216,46
10038;2025-06;186,83
10038;2025-07;227,42
10038;2025-08;215,99
10038;2025-09;209,82
10038;2025-10;239,18
10038;2025-11;200,05
10038;2025-12;214,47
10039;2025-01;190,2
10039;2025-02;212,31
10039;2025-03;208,09
10039;2025-04;167,5
10039;2025-05;166,32
10039;2025-06;199,53
10039;2025-07;183,74
10039;2025-08;175,75
10039;2025-09;197,15
10039;2025-10;183,4
10039;2025-11;194,7
10039;2025-12;190,25
10040;2025-01;181,25
10040;2025-02;154,68
10040;2025-03;181,19
10040;2025-04;166,57
10040;2025-05;190,32
10040;2025-06;171,89
10040;2025-07;195,39
10040;2025-08;176,34
10040;2025-09;156,93
10040;2025-10;187,62
10040;2025-11;163,15
10040;2025-12;163,28
10041;2025-01;66,72
10041;2025-02;63,19
10041;2025-03;73,85
10041;2025-04;58,69
10041;2025-05;62,68
10041;2025-06;62,51
10041;2025-07;57,96
10041;2025-08;65,67
10041;2025-09;69,76
10041;2025-10;66,27
10041;2025-11;59,25
10041;2025-12;63,61
10042;2025-01;52,95
10042;2025-02;62,26
10042;2025-03;69,32
10042;2025-04;61,16
10042;2025-05;68,19
10042;2025-06;55,7
10042;2025-07;65,21
10042;2025-08;61,06
10042;2025-09;64,49
10042;2025-10;52,55
10042;2025-11;54,1
10042;2025-12;53,83
10043;2025-01;204,83
10043;2025-02;163,72
10043;2025-03;211,55
10043;2025-04;182,22
10043;2025-05;184,68
10043;2025-06;167,97
10043;2025-07;204,13
10043;2025-08;172,4
10043;2025-09;194,22
10043;2025-10;210,04
10043;2025-11;167,08
10043;2025-12;192,58
10044;2025-01;103,5
10044;2025-02;99,78
10044;2025-03;108,97
10044;2025-04;103,67
10044;2025-05;106,95
10044;2025-06;111,72
10044;2025-07;106,12
10044;2025-08;107,02
10044;2025-09;106,33
10044;2025-10;100,52
10044;2025-11;99,22
10044;2025-12;116,82
10045;2025-01;166,51
10045;2025-02;198,26
10045;2025-03;149,52
10045;2025-04;160,98
10045;2025-05;168,35
10045;2025-06;174,79
10045;2025-07;193,9
10045;2025-08;153,75
10045;2025-09;191,53
10045;2025-10;152,05
10045;2025-11;737,98
10045;2025-12;150,08
10046;2025-01;215,32
10046;2025-02;196,81
10046;2025-03;216,52
10046;2025-04;163,87
10046;2025-05;219,85
10046;2025-06;191,89
10046;2025-07;205,29
10046;2025-08;210,94
10046;2025-09;205,03
10046;2025-10;194,45
10046;2025-11;191,07
10046;2025-12;211,97
10047;2025-01;105,23
10047;2025-02;90,04
10047;2025-03;105,98
10047;2025-04;99,85
10047;2025-05;105,12
10047;2025-06;106,91
10047;2025-07;86,71
10047;2025-08;99,15
10047;2025-09;111,79
10047;2025-10;93,64
10047;2025-11;101,75
10047;2025-12;95,08
10048;2025-01;148,46
10048;2025-02;133,22
10048;2025-03;154,41
10048;2025-04;128,22
10048;2025-05;130,46
10048;2025-06;124,48
10048;2025-07;129,49
10048;2025-08;145,13
10048;2025-09;150,97
10048;2025-10;159,23
10048;2025-11;129,05
10048;2025-12;161,71
10049;2025-01;227,94
10049;2025-02;231,45
10049;2025-03;183,88
10049;2025-04;194,43
10049;2025-05;227,54
10049;2025-06;215,15
10049;2025-07;174,39
10049;2025-08;218,77
10049;2025-09;221,58
10049;2025-10;216,9
10049;2025-11;219,86
10049;2025-12;221,41
10050;2025-01;91,38
10050;2025-02;106,21
10050;2025-03;92,34
10050;2025-04;104,48
10050;2025-05;93,67
10050;2025-06;91,89
10050;2025-07;94,35
10050;2025-08;89,73
10050;2025-09;102,5
10050;2025-10;1,16
10050;2025-11;106,85
10050;2025-12;92,09
10051;2025-01;169,36
10051;2025-02;144,51
10051;2025-03;184,82
10051;2025-04;169,53
10051;2025-05;155,19
10051;2025-06;145,61
10051;2025-07;177,68
10051;2025-08;169,16
10051;2025-09;164,91
10051;2025-10;182,57
10051;2025-11;177,41
10051;2025-12;146,21
10052;2025-01;102,54
10052;2025-02;121,73
10052;2025-03;128,61
10052;2025-04;132,7
10052;2025-05;113,58
10052;2025-06;130,72
10052;2025-07;880,59
10052;2025-08;105,9
10052;2025-09;115,55
10052;2025-10;129,86
10052;2025-11;106,71
10052;2025-12;109,54
10053;2025-01;205,58
10053;2025-02;208,7
10053;2025-03;199,76
10053;2025-04;182,54
10053;2025-05;188,1
10053;2025-06;178,39
10053;2025-07;221,4
10053;2025-08;202,16
10053;2025-09;191,36
10053;2025-10;194,98
10053;2025-11;223,69
10053;2025-12;176,72
10054;2025-01;177,11
10054;2025-02;146,61
10054;2025-03;190,52
10054;2025-04;193,6
10054;2025-05;174,73
10054;2025-06;181,49
10054;2025-07;193,11
10054;2025-08;182,04
10054;2025-09;153,52
10054;2025-10;175,31
10054;2025-11;176,87
10054;2025-12;167,48
10055;2025-01;225,45
10055;2025-02;196,98
10055;2025-03;176,73
10055;2025-04;229,0
10055;2025-05;220,25
10055;2025-06;177,41
10055;2025-07;225,17
10055;2025-08;222,11
10055;2025-09;201,05
10055;2025-10;205,4
10055;2025-11;193,87
10055;2025-12;173,22
10056;2025-01;105,31
10056;2025-02;117,51
10056;2025-03;119,91
10056;2025-04;125,08
10056;2025-05;139,27
10056;2025-06;117,99
10056;2025-07;118,01
10056;2025-08;132,5
10056;2025-09;121,91
10056;2025-10;113,47
10056;2025-11;121,92
10056;2025-12;110,36
10057;2025-01;91,24
10057;2025-02;105,15
10057;2025-03;89,65
10057;2025-04;95,77
10057;2025-05;97,22
10057;2025-06;79,85
10057;2025-07;98,1
10057;2025-08;84,48
10057;2025-09;106,45
10057;2025-10;83,66
10057;2025-11;91,12
10057;2025-12;81,88
10058;2025-01;256,54
10058;2025-02;217,01
10058;2025-03;268,11
10058;2025-04;227,7
10058;2025-05;279,19
10058;2025-06;227,34
10058;2025-07;226,26
10058;2025-08;214,73
10058;2025-09;247,32
10058;2025-10;254,26
10058;2025-11;216,91
10058;2025-12;270,02
10059;2025-01;143,53
10059;2025-02;141,77
10059;2025-03;148,74
10059;2025-04;131,01
10059;2025-05;132,18
10059;2025-06;161,98
10059;2025-07;165,68
10059;2025-08;140,57
10059;2025-09;136,07
10059;2025-10;152,44
10059;2025-11;142,12
10059;2025-12;125,32
10060;2025-01;93,94
10060;2025-02;76,95
10060;2025-03;82,19
10060;2025-04;82,43
10060;2025-05;94,29
10060;2025-06;76,75
10060;2025-07;79,02
10060;2025-08;97,74
10060;2025-09;81,02
10060;2025-10;93,78
10060;2025-11;82,63
10060;2025-12;78,89
10061;2025-01;117,54
10061;2025-02;116,72
10061;2025-03;102,93
10061;2025-04;111,56
10061;2025-05;96,8
10061;2025-06;99,61
10061;2025-07;118,83
10061;2025-08;90,69
10061;2025-09;93,0
10061;2025-10;96,9
10061;2025-11;91,12
10061;2025-12;96,05
10062;2025-01;190,9
10062;2025-02;187,04
10062;2025-03;162,67
10062;2025-04;158,45
10062;2025-05;164,61
10062;2025-06;175,4
10062;2025-07;158,9
10062;2025-08;177,14
10062;2025-09;166,14
10062;2025-10;173,44
10062;2025-11;167,51
10062;2025-12;160,25
10063;2025-01;214,27
10063;2025-02;266,76
10063;2025-03;239,3
10063;2025-04;268,64
10063;2025-05;261,81
10063;2025-06;234,82
10063;2025-07;205,79
10063;2025-08;223,54
10063;2025-09;243,21
10063;2025-10;249,82
10063;2025-11;222,76
10063;2025-12;214,22
10064;2025-01;220,32
10064;2025-02;197,1
10064;2025-03;203,7
10064;2025-04;187,05
10064;2025-05;245,81
10064;2025-06;193,56
10064;2025-07;223,66
10064;2025-08;203,82
10064;2025-09;222,19
10064;2025-10;228,57
10064;2025-11;240,26
10064;2025-12;199,38
10065;2025-01;69,05
10065;2025-02;63,9
10065;2025-03;63,96
10065;2025-04;65,16
10065;2025-05;56,04
10065;2025-06;69,81
10065;2025-07;60,58
10065;2025-08;59,91
10065;2025-09;260,02
10065;2025-10;55,87
10065;2025-11;66,52
10065;2025-12;54,32
10066;2025-01;163,53
10066;2025-02;167,04
10066;2025-03;186,07
10066;2025-04;163,97
10066;2025-05;1030,87
10066;2025-06;183,17
10066;2025-07;197,48
10066;2025-08;186,78
10066;2025-09;159,67
10066;2025-10;150,04
10066;2025-11;162,15
10066;2025-12;179,58
10067;2025-01;71,8
10067;2025-02;66,3
10067;2025-03;75,44
10067;2025-04;61,54
10067;2025-05;60,88
10067;2025-06;74,55
10067;2025-07;69,68
10067;2025-08;73,71
10067;2025-09;68,41
10067;2025-10;64,46
10067;2025-11;76,45
10067;2025-12;76,04
10068;2025-01;183,98
10068;2025-02;4,59
10068;2025-03;171,07
10068;2025-04;217,92
10068;2025-05;188,88
10068;2025-06;173,86
10068;2025-07;194,41
10068;2025-08;213,47
10068;2025-09;205,37
10068;2025-10;209,65
10068;2025-11;201,14
10068;2025-12;203,07
10069;2025-01;202,83
10069;2025-02;253,73
10069;2025-03;250,83
10069;2025-04;190,76
10069;2025-05;235,0
10069;2025-06;249,59
10069;2025-07;200,14
10069;2025-08;225,86
10069;2025-09;0,17
10069;2025-10;234,46
10069;2025-11;207,89
10069;2025-12;249,53
10070;2025-01;242,61
10070;2025-02;271,06
10070;2025-03;269,77
10070;2025-04;231,23
10070;2025-05;268,63
10070;2025-06;210,54
10070;2025-07;251,56
10070;2025-08;224,7
10070;2025-09;216,67
10070;2025-10;213,47
10070;2025-11;258,9
10070;2025-12;232,76
10071;2025-01;199,98
10071;2025-02;207,29
10071;2025-03;211,81
10071;2025-04;198,9
10071;2025-05;193,37
10071;2025-06;220,05
10071;2025-07;192,81
10071;2025-08;1574,01
10071;2025-09;168,06
10071;2025-10;179,05
10071;2025-11;190,82
10071;2025-12;223,36
10072;2025-01;433,91
10072;2025-02;75,08
10072;2025-03;68,28
10072;2025-04;71,07
10072;2025-05;64,33
10072;2025-06;69,71
10072;2025-07;73,8
10072;2025-08;78,41
10072;2025-09;62,38
10072;2025-10;72,59
10072;2025-11;68,84
10072;2025-12;81,06
10073;2025-01;182,86
10073;2025-02;220,08
10073;2025-03;169,21
10073;2025-04;173,0
10073;2025-05;189,58
10073;2025-06;173,88
10073;2025-07;222,79
10073;2025-08;213,47
10073;2025-09;181,79
10073;2025-10;201,16
10073;2025-11;224,31
10073;2025-12;218,54
10074;2025-01;199,71
10074;2025-02;186,87
10074;2025-03;151,42
10074;2025-04;169,01
10074;2025-05;191,8
10074;2025-06;160,08
10074;2025-07;191,43
10074;2025-08;154,32
10074;2025-09;150,48
10074;2025-10;168,1
10074;2025-11;149,95
10074;2025-12;198,04
10075;2025-01;225,43
10075;2025-02;198,51
10075;2025-03;218,17
10075;2025-04;223,31
10075;2025-05;218,61
10075;2025-06;201,37
10075;2025-07;217,97
10075;2025-08;216,41
10075;2025-09;249,29
10075;2025-10;242,85
10075;2025-11;214,6
10075;2025-12;224,98
10076;2025-01;223,93
10076;2025-02;199,51
10076;2025-03;195,5
10076;2025-04;2,38
10076;2025-05;174,47
10076;2025-06;223,45
10076;2025-07;173,93
10076;2025-08;191,73
10076;2025-09;228,26
10076;2025-10;216,36
10076;2025-11;188,84
10076;2025-12;187,1
10077;2025-01;52,71
10077;2025-02;61,56
10077;2025-03;69,42
10077;2025-04;53,82
10077;2025-05;68,18
10077;2025-06;69,95
10077;2025-07;52,95
10077;2025-08;67,97
10077;2025-09;61,26
10077;2025-10;68,4
10077;2025-11;62,27
10077;2025-12;63,93
10078;2025-01;174,78
10078;2025-02;164,36
10078;2025-03;181,36
10078;2025-04;150,84
10078;2025-05;146,53
10078;2025-06;146,68
10078;2025-07;155,19
10078;2025-08;150,52
10078;2025-09;184,39
10078;2025-10;144,01
10078;2025-11;173,07
10078;2025-12;148,09
10079;2025-01;225,15
10079;2025-02;253,38
10079;2025-03;193,74
10079;2025-04;249,35
10079;2025-05;208,99
10079;2025-06;255,41
10079;2025-07;193,46
10079;2025-08;231,35
10079;2025-09;245,03
10079;2025-10;211,04
10079;2025-11;206,57
10079;2025-12;199,12
10080;2025-01;107,96
10080;2025-02;117,51
10080;2025-03;104,05
10080;2025-04;133,69
10080;2025-05;108,42
10080;2025-06;114,09
10080;2025-07;104,39
10080;2025-08;119,54
10080;2025-09;134,47
10080;2025-10;118,07
10080;2025-11;110,29
10080;2025-12;131,31
10081;2025-01;238,04
10081;2025-02;188,87
10081;2025-03;226,94
10081;2025-04;2,37
10081;2025-05;182,04
10081;2025-06;183,1
10081;2025-07;232,06
10081;2025-08;240,73
10081;2025-09;220,96
10081;2025-10;206,47
10081;2025-11;219,16
10081;2025-12;215,82
10082;2025-01;4,09
10082;2025-02;123,02
10082;2025-03;112,99
10082;2025-04;119,29
10082;2025-05;131,63
10082;2025-06;150,6
10082;2025-07;117,03
10082;2025-08;147,01
10082;2025-09;133,96
10082;2025-10;145,88
10082;2025-11;124,85
10082;2025-12;146,44
10083;2025-01;229,67
10083;2025-02;235,58
10083;2025-03;177,75
10083;2025-04;221,19
10083;2025-05;232,25
10083;2025-06;229,01
10083;2025-07;235,66
10083;2025-08;222,98
10083;2025-09;203,26
10083;2025-10;195,17
10083;2025-11;1426,69
10083;2025-12;222,09
10084;2025-01;104,39
10084;2025-02;99,91
10084;2025-03;97,23
10084;2025-04;99,34
10084;2025-05;88,04
10084;2025-06;89,35
10084;2025-07;86,04
10084;2025-08;87,88
10084;2025-09;96,71
10084;2025-10;98,96
10084;2025-11;83,88
10084;2025-12;106,8
10085;2025-01;132,15
10085;2025-02;104,96
10085;2025-03;114,57
10085;2025-04;98,55
10085;2025-05;119,31
10085;2025-06;119,62
10085;2025-07;107,11
10085;2025-08;117,92
10085;2025-09;106,35
10085;2025-10;104,1
10085;2025-11;121,16
10085;2025-12;109,84
10086;2025-01;197,16
10086;2025-02;154,05
10086;2025-03;170,32
10086;2025-04;181,47
10086;2025-05;166,76
10086;2025-06;196,67
10086;2025-07;183,61
10086;2025-08;180,26
10086;2025-09;185,43
10086;2025-10;195,53
10086;2025-11;193,21
10086;2025-12;183,73
10087;2025-01;206,64
10087;2025-02;173,1
10087;2025-03;201,27
10087;2025-04;184,76
10087;2025-05;192,99
10087;2025-06;219,08
10087;2025-07;229,12
10087;2025-08;176,39
10087;2025-09;204,42
10087;2025-10;225,56
10087;2025-11;177,0
10087;2025-12;1098,95
10088;2025-01;110,32
10088;2025-02;128,22
10088;2025-03;132,89
10088;2025-04;104,52
10088;2025-05;127,39
10088;2025-06;137,62
10088;2025-07;107,53
10088;2025-08;135,6
10088;2025-09;124,64
10088;2025-10;125,44
10088;2025-11;125,3
10088;2025-12;113,88
10089;2025-01;246,62
10089;2025-02;257,9
10089;2025-03;245,69
10089;2025-04;236,58
10089;2025-05;249,16
10089;2025-06;241,47
10089;2025-07;244,64
10089;2025-08;257,93
10089;2025-09;236,33
10089;2025-10;204,94
10089;2025-11;213,73
10089;2025-12;233,31
10090;2025-01;206,63
10090;2025-02;196,49
10090;2025-03;204,58
10090;2025-04;187,58
10090;2025-05;195,95
10090;2025-06;212,21
10090;2025-07;219,77
10090;2025-08;193,78
10090;2025-09;170,65
10090;2025-10;177,65
10090;2025-11;169,3
10090;2025-12;206,81
10091;2025-01;122,89
10091;2025-02;107,68
10091;2025-03;119,57
10091;2025-04;112,82
10091;2025-05;120,13
10091;2025-06;112,19
10091;2025-07;135,72
10091;2025-08;111,1
10091;2025-09;140,16
10091;2025-10;120,03
10091;2025-11;135,93
10091;2025-12;127,9
10092;2025-01;200,01
10092;2025-02;202,31
10092;2025-03;200,56
10092;2025-04;204,99
10092;2025-05;171,52
10092;2025-06;193,46
10092;2025-07;206,08
10092;2025-08;205,57
10092;2025-09;217,27
10092;2025-10;209,0
10092;2025-11;229,2
10092;2025-12;186,77
10093;2025-01;126,92
10093;2025-02;141,17
10093;2025-03;118,07
10093;2025-04;138,86
10093;2025-05;124,6
10093;2025-06;132,16
10093;2025-07;133,34
10093;2025-08;123,35
10093;2025-09;128,72
10093;2025-10;124,89
10093;2025-11;111,66
10093;2025-12;125,82
10094;2025-01;80,69
10094;2025-02;80,38
10094;2025-03;82,33
10094;2025-04;68,97
10094;2025-05;82,09
10094;2025-06;74,08
10094;2025-07;76,13
10094;2025-08;86,94
10094;2025-09;66,94
10094;2025-10;80,59
10094;2025-11;80,83
10094;2025-12;76,07
10095;2025-01;103,21
10095;2025-02;99,71
10095;2025-03;103,42
10095;2025-04;110,37
10095;2025-05;93,87
10095;2025-06;103,44
10095;2025-07;107,8
10095;2025-08;119,17
10095;2025-09;97,24
10095;2025-10;579,53
10095;2025-11;108,36
10095;2025-12;100,52
10096;2025-01;171,31
10096;2025-02;158,77
10096;2025-03;179,0
10096;2025-04;164,18
10096;2025-05;163,3
10096;2025-06;138,82
10096;2025-07;184,93
10096;2025-08;143,12
10096;2025-09;148,35
10096;2025-10;139,66
10096;2025-11;168,14
10096;2025-12;148,04
10097;2025-01;636,13
10097;2025-02;91,3
10097;2025-03;93,63
10097;2025-04;99,46
10097;2025-05;80,56
10097;2025-06;89,2
10097;2025-07;107,57
10097;2025-08;96,47
10097;2025-09;87,26
10097;2025-10;94,82
10097;2025-11;89,76
10097;2025-12;95,11
10098;2025-01;94,96
10098;2025-02;89,75
10098;2025-03;75,39
10098;2025-04;3,65
10098;2025-05;75,24
10098;2025-06;77,21
10098;2025-07;95,55
10098;2025-08;77,73
10098;2025-09;87,96
10098;2025-10;95,94
10098;2025-11;80,73
10098;2025-12;71,75
10099;2025-01;118,02
10099;2025-02;114,96
10099;2025-03;94,04
10099;2025-04;115,82
10099;2025-05;119,75
10099;2025-06;109,6
10099;2025-07;120,46
10099;2025-08;116,82
10099;2025-09;111,72
10099;2025-10;108,85
10099;2025-11;101,56
10099;2025-12;95,51
10100;2025-01;194,17
10100;2025-02;200,83
10100;2025-03;188,19
10100;2025-04;153,45
10100;2025-05;163,85
10100;2025-06;154,43
10100;2025-07;182,84
10100;2025-08;188,86
10100;2025-09;197,28
10100;2025-10;171,7
10100;2025-11;196,01
10100;2025-12;194,77
10101;2025-01;115,78
10101;2025-02;112,94
10101;2025-03;125,65
10101;2025-04;114,08
10101;2025-05;124,97
10101;2025-06;124,23
10101;2025-07;122,56
10101;2025-08;115,95
10101;2025-09;122,02
10101;2025-10;123,75
10101;2025-11;121,92
10101;2025-12;118,26
10102;2025-01;56,54
10102;2025-02;65,47
10102;2025-03;67,67
10102;2025-04;62,8
10102;2025-05;63,58
10102;2025-06;71,29
10102;2025-07;69,33
10102;2025-08;70,59
10102;2025-09;68,7
10102;2025-10;55,42
10102;2025-11;56,18
10102;2025-12;63,29
10103;2025-01;103,37
10103;2025-02;108,34
10103;2025-03;114,66
10103;2025-04;113,65
10103;2025-05;107,43
10103;2025-06;117,08
10103;2025-07;104,54
10103;2025-08;119,46
10103;2025-09;93,02
10103;2025-10;121,31
10103;2025-11;111,71
10103;2025-12;102,91
10104;2025-01;88,53
10104;2025-02;87,7
10104;2025-03;100,89
10104;2025-04;98,13
10104;2025-05;102,43
10104;2025-06;110,02
10104;2025-07;98,4
10104;2025-08;99,83
10104;2025-09;85,46
10104;2025-10;103,82
10104;2025-11;94,53
10104;2025-12;111,4
10105;2025-01;191,94
10105;2025-02;239,74
10105;2025-03;235,87
10105;2025-04;195,93
10105;2025-05;203,11
10105;2025-06;235,45
10105;2025-07;195,97
10105;2025-08;243,52
10105;2025-09;211,5
10105;2025-10;189,59
10105;2025-11;236,9
10105;2025-12;208,19
10106;2025-01;175,36
10106;2025-02;178,48
10106;2025-03;146,98
10106;2025-04;146,21
10106;2025-05;165,36
10106;2025-06;155,76
10106;2025-07;4,5
10106;2025-08;153,0
10106;2025-09;147,4
10106;2025-10;173,5
10106;2025-11;149,22
10106;2025-12;175,52
10107;2025-01;123,46
10107;2025-02;145,73
10107;2025-03;138,48
10107;2025-04;144,16
10107;2025-05;126,52
10107;2025-06;150,5
10107;2025-07;155,8
10107;2025-08;128,57
10107;2025-09;123,47
10107;2025-10;120,43
10107;2025-11;146,49
10107;2025-12;145,02
10108;2025-01;146,26
10108;2025-02;152,79
10108;2025-03;168,64
10108;2025-04;172,52
10108;2025-05;161,06
10108;2025-06;161,21
10108;2025-07;174,91
10108;2025-08;140,07
10108;2025-09;4,09
10108;2025-10;168,95
10108;2025-11;155,87
10108;2025-12;183,81
10109;2025-01;212,74
10109;2025-02;200,67
10109;2025-03;198,54
10109;2025-04;197,09
10109;2025-05;1193,15
10109;2025-06;227,39
10109;2025-07;217,32
10109;2025-08;180,12
10109;2025-09;215,49
10109;2025-10;192,6
10109;2025-11;212,56
10109;2025-12;217,97
10110;2025-01;94,21
10110;2025-02;89,91
10110;2025-03;100,07
10110;2025-04;99,59
10110;2025-05;119,3
10110;2025-06;102,19
10110;2025-07;98,67
10110;2025-08;106,36
10110;2025-09;91,04
10110;2025-10;118,24
10110;2025-11;108,06
10110;2025-12;111,8
10111;2025-01;90,25
10111;2025-02;101,31
10111;2025-03;78,57
10111;2025-04;86,87
10111;2025-05;105,73
10111;2025-06;91,69
10111;2025-07;89,13
10111;2025-08;81,85
10111;2025-09;105,53
10111;2025-10;79,09
10111;2025-11;98,96
10111;2025-12;99,84
10112;2025-01;93,31
10112;2025-02;98,55
10112;2025-03;115,48
10112;2025-04;117,92
10112;2025-05;109,75
10112;2025-06;106,51
10112;2025-07;95,43
10112;2025-08;92,36
10112;2025-09;94,1
10112;2025-10;97,6
10112;2025-11;101,25
10112;2025-12;102,5
10113;2025-01;643,95
10113;2025-02;142,5
10113;2025-03;139,89
10113;2025-04;113,04
10113;2025-05;136,61
10113;2025-06;128,62
10113;2025-07;128,31
10113;2025-08;121,69
10113;2025-09;125,84
10113;2025-10;121,92
10113;2025-11;127,3
10113;2025-12;130,63
10114;2025-01;200,61
10114;2025-02;167,87
10114;2025-03;171,86
10114;2025-04;206,11
10114;2025-05;178,1
10114;2025-06;161,19
10114;2025-07;168,58
10114;2025-08;172,52
10114;2025-09;213,93
10114;2025-10;192,24
10114;2025-11;212,54
10114;2025-12;192,36
10115;2025-01;155,9
10115;2025-02;134,72
10115;2025-03;169,13
10115;2025-04;166,0
10115;2025-05;142,81
10115;2025-06;171,6
10115;2025-07;165,82
10115;2025-08;158,61
10115;2025-09;133,93
10115;2025-10;150,09
10115;2025-11;151,35
10115;2025-12;138,96
10116;2025-01;66,67
10116;2025-02;77,32
10116;2025-03;85,04
10116;2025-04;83,68
10116;2025-05;70,18
10116;2025-06;83,12
10116;2025-07;63,92
10116;2025-08;64,31
10116;2025-09;77,51
10116;2025-10;72,14
10116;2025-11;72,63
10116;2025-12;76,65
10117;2025-01;83,64
10117;2025-02;102,08
10117;2025-03;110,43
10117;2025-04;88,89
10117;2025-05;86,09
10117;2025-06;85,48
10117;2025-07;90,75
10117;2025-08;84,9
10117;2025-09;102,0
10117;2025-10;83,78
10117;2025-11;4,98
10117;2025-12;105,52
10118;2025-01;183,47
10118;2025-02;178,33
10118;2025-03;172,97
10118;2025-04;157,29
10118;2025-05;197,41
10118;2025-06;174,23
10118;2025-07;160,69
10118;2025-08;169,87
10118;2025-09;172,33
10118;2025-10;194,27
10118;2025-11;189,29
10118;2025-12;191,18
10119;2025-01;61,75
10119;2025-02;53,14
10119;2025-03;57,62
10119;2025-04;66,94
10119;2025-05;55,34
10119;2025-06;62,75
10119;2025-07;56,79
10119;2025-08;53,01
10119;2025-09;57,27
10119;2025-10;70,96
10119;2025-11;67,71
10119;2025-12;70,66
10120;2025-01;150,6
10120;2025-02;168,47
10120;2025-03;134,28
10120;2025-04;152,15
10120;2025-05;136,66
10120;2025-06;144,66
10120;2025-07;163,57
10120;2025-08;151,59
10120;2025-09;147,01
10120;2025-10;147,86
10120;2025-11;150,83
10120;2025-12;1155,63
10121;2025-01;228,14
10121;2025-02;255,14
10121;2025-03;236,99
10121;2025-04;223,74
10121;2025-05;266,21
10121;2025-06;208,07
10121;2025-07;270,62
10121;2025-08;238,72
10121;2025-09;251,45
10121;2025-10;253,06
10121;2025-11;270,14
10121;2025-12;251,42
10122;2025-01;158,11
10122;2025-02;189,23
10122;2025-03;177,3
10122;2025-04;186,2
10122;2025-05;152,36
10122;2025-06;154,64
10122;2025-07;188,11
10122;2025-08;756,94
10122;2025-09;150,79
10122;2025-10;200,84
10122;2025-11;189,23
10122;2025-12;168,87
10123;2025-01;125,93
10123;2025-02;121,97
10123;2025-03;105,35
10123;2025-04;104,97
10123;2025-05;102,32
10123;2025-06;121,94
10123;2025-07;125,57
10123;2025-08;108,14
10123;2025-09;99,62
10123;2025-10;101,76
10123;2025-11;132,67
10123;2025-12;109,2
10124;2025-01;198,85
10124;2025-02;187,95
10124;2025-03;182,74
10124;2025-04;213,27
10124;2025-05;223,14
10124;2025-06;215,05
10124;2025-07;208,03
10124;2025-08;177,82
10124;2025-09;235,13
10124;2025-10;224,63
10124;2025-11;193,34
10124;2025-12;235,84
10125;2025-01;187,33
10125;2025-02;190,67
10125;2025-03;182,54
10125;2025-04;154,9
10125;2025-05;165,9
10125;2025-06;196,75
10125;2025-07;159,95
10125;2025-08;167,67
10125;2025-09;170,8
10125;2025-10;171,19
10125;2025-11;180,27
10125;2025-12;197,53
10126;2025-01;90,28
10126;2025-02;121,35
10126;2025-03;1,58
10126;2025-04;117,76
10126;2025-05;98,07
10126;2025-06;107,13
10126;2025-07;110,05
10126;2025-08;96,88
10126;2025-09;120,91
10126;2025-10;113,6
10126;2025-11;107,57
10126;2025-12;95,6
10127;2025-01;75,57
10127;2025-02;65,37
10127;2025-03;71,07
10127;2025-04;75,04
10127;2025-05;61,97
10127;2025-06;74,14
10127;2025-07;61,63
10127;2025-08;80,03
10127;2025-09;69,99
10127;2025-10;62,87
10127;2025-11;66,91
10127;2025-12;68,41
10128;2025-01;210,91
10128;2025-02;179,93
10128;2025-03;182,73
10128;2025-04;179,19
10128;2025-05;208,78
10128;2025-06;227,14
10128;2025-07;200,0
10128;2025-08;183,29
10128;2025-09;207,61
10128;2025-10;223,14
10128;2025-11;218,85
10128;2025-12;227,41
10129;2025-01;102,79
10129;2025-02;114,67
10129;2025-03;120,69
10129;2025-04;116,73
10129;2025-05;102,24
10129;2025-06;107,91
10129;2025-07;122,41
10129;2025-08;114,64
10129;2025-09;96,06
10129;2025-10;0,18
10129;2025-11;121,12
10129;2025-12;102,73
10130;2025-01;229,47
10130;2025-02;216,54
10130;2025-03;227,92
10130;2025-04;269,38
10130;2025-05;278,07
10130;2025-06;232,47
10130;2025-07;238,3
10130;2025-08;258,16
10130;2025-09;270,08
10130;2025-10;248,79
10130;2025-11;234,16
10130;2025-12;235,69
10131;2025-01;183,84
10131;2025-02;209,13
10131;2025-03;168,7
10131;2025-04;197,25
10131;2025-05;191,07
10131;2025-06;0,32
10131;2025-07;196,78
10131;2025-08;195,71
10131;2025-09;195,66
10131;2025-10;198,13
10131;2025-11;202,34
10131;2025-12;209,75
10132;2025-01;111,21
10132;2025-02;97,15
10132;2025-03;96,53
10132;2025-04;105,73
10132;2025-05;120,78
10132;2025-06;118,2
10132;2025-07;120,9
10132;2025-08;111,84
10132;2025-09;109,27
10132;2025-10;99,5
10132;2025-11;105,53
10132;2025-12;109,06
10133;2025-01;82,27
10133;2025-02;88,32
10133;2025-03;86,82
10133;2025-04;80,12
10133;2025-05;75,02
10133;2025-06;79,97
10133;2025-07;83,42
10133;2025-08;68,04
10133;2025-09;74,76
10133;2025-10;84,67
10133;2025-11;2,86
10133;2025-12;78,86
10134;2025-01;90,33
10134;2025-02;81,54
10134;2025-03;81,48
10134;2025-04;104,51
10134;2025-05;88,58
10134;2025-06;95,57
10134;2025-07;89,31
10134;2025-08;107,62
10134;2025-09;88,19
10134;2025-10;93,04
10134;2025-11;105,68
10134;2025-12;104,8
10135;2025-01;94,16
10135;2025-02;94,87
10135;2025-03;84,87
10135;2025-04;83,36
10135;2025-05;101,88
10135;2025-06;95,26
10135;2025-07;93,55
10135;2025-08;101,92
10135;2025-09;102,96
10135;2025-10;85,6
10135;2025-11;98,51
10135;2025-12;84,93
10136;2025-01;230,54
10136;2025-02;176,54
10136;2025-03;175,82
10136;2025-04;189,51
10136;2025-05;188,27
10136;2025-06;187,37
10136;2025-07;227,47
10136;2025-08;187,53
10136;2025-09;188,89
10136;2025-10;218,54
10136;2025-11;199,7
10136;2025-12;219,59
10137;2025-01;62,29
10137;2025-02;62,92
10137;2025-03;81,25
10137;2025-04;64,58
10137;2025-05;73,12
10137;2025-06;70,49
10137;2025-07;69,1
10137;2025-08;81,11
10137;2025-09;62,03
10137;2025-10;75,98
10137;2025-11;82,49
10137;2025-12;73,73
10138;2025-01;220,87
10138;2025-02;254,48
10138;2025-03;272,36
10138;2025-04;220,61
10138;2025-05;249,0
10138;2025-06;216,44
10138;2025-07;242,66
10138;2025-08;235,42
10138;2025-09;271,7
10138;2025-10;245,74
10138;2025-11;227,25
10138;2025-12;0,76
10139;2025-01;104,7
10139;2025-02;103,53
10139;2025-03;90,93
10139;2025-04;113,92
10139;2025-05;109,68
10139;2025-06;89,48
10139;2025-07;2,72
10139;2025-08;89,91
10139;2025-09;101,52
10139;2025-10;102,34
10139;2025-11;92,5
10139;2025-12;116,56
10140;2025-01;218,99
10140;2025-02;215,63
10140;2025-03;231,53
10140;2025-04;224,51
10140;2025-05;192,41
10140;2025-06;222,33
10140;2025-07;241,86
10140;2025-08;218,79
10140;2025-09;191,72
10140;2025-10;240,52
10140;2025-11;201,65
10140;2025-12;205,46
10141;2025-01;98,33
10141;2025-02;91,83
10141;2025-03;83,21
10141;2025-04;101,64
10141;2025-05;101,69
10141;2025-06;101,44
10141;2025-07;84,14
10141;2025-08;89,96
10141;2025-09;104,58
10141;2025-10;98,74
10141;2025-11;78,34
10141;2025-12;79,39
10142;2025-01;149,87
10142;2025-02;148,05
10142;2025-03;130,61
10142;2025-04;155,11
10142;2025-05;162,46
10142;2025-06;142,83
10142;2025-07;160,4
10142;2025-08;168,79
10142;2025-09;134,98
10142;2025-10;149,18
10142;2025-11;138,69
10142;2025-12;161,16
10143;2025-01;184,91
10143;2025-02;164,45
10143;2025-03;190,88
10143;2025-04;171,42
10143;2025-05;152,32
10143;2025-06;179,72
10143;2025-07;184,68
10143;2025-08;160,41
10143;2025-09;187,93
10143;2025-10;190,42
10143;2025-11;158,38
10143;2025-12;194,37
10144;2025-01;92,79
10144;2025-02;95,07
10144;2025-03;81,87
10144;2025-04;94,5
10144;2025-05;98,91
10144;2025-06;96,02
10144;2025-07;76,79
10144;2025-08;457,85
10144;2025-09;99,44
10144;2025-10;86,35
10144;2025-11;76,91
10144;2025-12;92,59
10145;2025-01;138,84
10145;2025-02;127,06
10145;2025-03;107,89
10145;2025-04;128,18
10145;2025-05;106,55
10145;2025-06;104,24
10145;2025-07;133,13
10145;2025-08;110,8
10145;2025-09;116,97
10145;2025-10;138,61
10145;2025-11;115,43
10145;2025-12;113,96
10146;2025-01;268,79
10146;2025-02;262,69
10146;2025-03;245,13
10146;2025-04;221,38
10146;2025-05;217,18
10146;2025-06;256,92
10146;2025-07;261,18
10146;2025-08;236,25
10146;2025-09;216,48
10146;2025-10;207,23
10146;2025-11;205,42
10146;2025-12;2,1
10147;2025-01;210,53
10147;2025-02;239,94
10147;2025-03;227,53
10147;2025-04;237,4
10147;2025-05;248,59
10147;2025-06;253,33
10147;2025-07;255,94
10147;2025-08;214,89
10147;2025-09;199,38
10147;2025-10;248,67
10147;2025-11;204,62
10147;2025-12;219,14
10148;2025-01;54,66
10148;2025-02;63,55
10148;2025-03;69,68
10148;2025-04;52,94
10148;2025-05;53,02
10148;2025-06;57,82
10148;2025-07;67,4
10148;2025-08;55,54
10148;2025-09;58,18
10148;2025-10;52,86
10148;2025-11;65,52
10148;2025-12;59,05
10149;2025-01;187,88
10149;2025-02;223,09
10149;2025-03;177,24
10149;2025-04;228,7
10149;2025-05;213,5
10149;2025-06;227,19
10149;2025-07;173,63
10149;2025-08;183,98
10149;2025-09;197,5
10149;2025-10;196,87
10149;2025-11;187,51
10149;2025-12;197,0
10150;2025-01;92,14
10150;2025-02;83,95
10150;2025-03;72,27
10150;2025-04;82,49
10150;2025-05;72,5
10150;2025-06;96,3
10150;2025-07;75,04
10150;2025-08;89,74
10150;2025-09;96,46
10150;2025-10;92,74
10150;2025-11;89,53
10150;2025-12;93,08
10151;2025-01;250,92
10151;2025-02;256,03
10151;2025-03;248,96
10151;2025-04;256,53
10151;2025-05;242,83
10151;2025-06;225,72
10151;2025-07;218,45
10151;2025-08;214,62
10151;2025-09;229,04
10151;2025-10;212,97
10151;2025-11;251,51
10151;2025-12;230,55
10152;2025-01;231,63
10152;2025-02;223,08
10152;2025-03;188,35
10152;2025-04;241,18
10152;2025-05;241,18
10152;2025-06;205,64
10152;2025-07;206,29
10152;2025-08;248,45
10152;2025-09;1327,11
10152;2025-10;238,64
10152;2025-11;202,71
10152;2025-12;212,06
10153;2025-01;113,32
10153;2025-02;116,16
10153;2025-03;102,64
10153;2025-04;101,57
10153;2025-05;110,49
10153;2025-06;118,78
10153;2025-07;111,72
10153;2025-08;95,33
10153;2025-09;123,14
10153;2025-10;96,4
10153;2025-11;126,04
10153;2025-12;95,08
10154;2025-01;189,9
10154;2025-02;171,07
10154;2025-03;182,78
10154;2025-04;172,64
10154;2025-05;172,98
10154;2025-06;2,23
10154;2025-07;208,58
10154;2025-08;199,98
10154;2025-09;202,1
10154;2025-10;170,74
10154;2025-11;176,64
10154;2025-12;208,46
10155;2025-01;242,46
10155;2025-02;279,93
10155;2025-03;227,5
10155;2025-04;237,62
10155;2025-05;273,15
10155;2025-06;207,99
10155;2025-07;210,69
10155;2025-08;4,54
10155;2025-09;225,29
10155;2025-10;242,22
10155;2025-11;240,81
10155;2025-12;242,46
10156;2025-01;175,47
10156;2025-02;176,9
10156;2025-03;183,14
10156;2025-04;180,26
10156;2025-05;197,22
10156;2025-06;154,18
10156;2025-07;196,11
10156;2025-08;196,67
10156;2025-09;166,77
10156;2025-10;176,29
10156;2025-11;174,99
10156;2025-12;163,22
10157;2025-01;148,25
10157;2025-02;126,64
10157;2025-03;148,32
10157;2025-04;136,67
10157;2025-05;150,82
10157;2025-06;138,43
10157;2025-07;116,29
10157;2025-08;142,52
10157;2025-09;785,59
10157;2025-10;152,83
10157;2025-11;121,79
10157;2025-12;130,92
10158;2025-01;208,86
10158;2025-02;184,26
10158;2025-03;209,08
10158;2025-04;186,56
10158;2025-05;211,69
10158;2025-06;225,73
10158;2025-07;211,87
10158;2025-08;220,3
10158;2025-09;169,0
10158;2025-10;211,64
10158;2025-11;218,32
10158;2025-12;171,29
10159;2025-01;245,93
10159;2025-02;236,61
10159;2025-03;198,01
10159;2025-04;2,75
10159;2025-05;252,7
10159;2025-06;219,12
10159;2025-07;213,49
10159;2025-08;242,51
10159;2025-09;219,69
10159;2025-10;235,49
10159;2025-11;235,52
10159;2025-12;251,87
10160;2025-01;154,93
10160;2025-02;153,72
10160;2025-03;155,73
10160;2025-04;156,65
10160;2025-05;180,94
10160;2025-06;186,31
10160;2025-07;175,31
10160;2025-08;190,9
10160;2025-09;199,36
10160;2025-10;190,43
10160;2025-11;183,91
10160;2025-12;175,45
10161;2025-01;128,85
10161;2025-02;147,84
10161;2025-03;138,45
10161;2025-04;155,27
10161;2025-05;151,92
10161;2025-06;160,35
10161;2025-07;153,67
10161;2025-08;142,23
10161;2025-09;152,82
10161;2025-10;759,14
10161;2025-11;157,88
10161;2025-12;142,95
10162;2025-01;234,4
10162;2025-02;238,15
10162;2025-03;207,31
10162;2025-04;200,19
10162;2025-05;216,91
10162;2025-06;203,51
10162;2025-07;218,11
10162;2025-08;224,75
10162;2025-09;223,66
10162;2025-10;203,73
10162;2025-11;190,54
10162;2025-12;207,28
10163;2025-01;83,07
10163;2025-02;78,06
10163;2025-03;74,69
10163;2025-04;90,9
10163;2025-05;90,67
10163;2025-06;82,93
10163;2025-07;75,9
10163;2025-08;84,73
10163;2025-09;82,16
10163;2025-10;91,72
10163;2025-11;89,86
10163;2025-12;83,56
10164;2025-01;100,0
10164;2025-02;107,13
10164;2025-03;90,47
10164;2025-04;100,96
10164;2025-05;87,03
10164;2025-06;101,57
10164;2025-07;115,51
10164;2025-08;97,88
10164;2025-09;87,38
10164;2025-10;87,13
10164;2025-11;97,99
10164;2025-12;91,06
10165;2025-01;63,64
10165;2025-02;60,36
10165;2025-03;72,17
10165;2025-04;57,02
10165;2025-05;73,25
10165;2025-06;60,84
10165;2025-07;71,95
10165;2025-08;66,43
10165;2025-09;70,75
10165;2025-10;73,79
10165;2025-11;60,35
10165;2025-12;73,35
10166;2025-01;127,59
10166;2025-02;135,67
10166;2025-03;120,1
10166;2025-04;136,16
10166;2025-05;135,68
10166;2025-06;144,53
10166;2025-07;147,41
10166;2025-08;131,61
10166;2025-09;126,06
10166;2025-10;124,33
10166;2025-11;121,73
10166;2025-12;116,22
10167;2025-01;127,23
10167;2025-02;119,34
10167;2025-03;128,08
10167;2025-04;111,53
10167;2025-05;122,97
10167;2025-06;129,8
10167;2025-07;124,65
10167;2025-08;121,38
10167;2025-09;143,59
10167;2025-10;139,33
10167;2025-11;129,7
10167;2025-12;810,75
10168;2025-01;84,67
10168;2025-02;97,53
10168;2025-03;99,52
10168;2025-04;90,22
10168;2025-05;111,93
10168;2025-06;110,32
10168;2025-07;104,8
10168;2025-08;99,23
10168;2025-09;109,15
10168;2025-10;87,36
10168;2025-11;106,81
10168;2025-12;87,19
10169;2025-01;240,61
10169;2025-02;239,32
10169;2025-03;211,72
10169;2025-04;185,19
10169;2025-05;227,01
10169;2025-06;210,39
10169;2025-07;198,4
10169;2025-08;210,36
10169;2025-09;212,32
10169;2025-10;2,21
10169;2025-11;217,59
10169;2025-12;237,39
10170;2025-01;144,08
10170;2025-02;127,13
10170;2025-03;126,65
10170;2025-04;132,78
10170;2025-05;132,36
10170;2025-06;140,68
10170;2025-07;127,92
10170;2025-08;148,01
10170;2025-09;111,8
10170;2025-10;109,63
10170;2025-11;134,25
10170;2025-12;121,04
10171;2025-01;97,94
10171;2025-02;90,8
10171;2025-03;120,62
10171;2025-04;96,82
10171;2025-05;113,09
10171;2025-06;114,0
10171;2025-07;119,28
10171;2025-08;90,79
10171;2025-09;117,47
10171;2025-10;106,54
10171;2025-11;109,87
10171;2025-12;110,25
10172;2025-01;230,85
10172;2025-02;217,61
10172;2025-03;234,75
10172;2025-04;247,51
10172;2025-05;196,39
10172;2025-06;247,78
10172;2025-07;189,21
10172;2025-08;183,55
10172;2025-09;186,26
10172;2025-10;205,52
10172;2025-11;224,36
10172;2025-12;187,87
10173;2025-01;66,98
10173;2025-02;66,74
10173;2025-03;68,12
10173;2025-04;64,74
10173;2025-05;53,83
10173;2025-06;59,23
10173;2025-07;65,17
10173;2025-08;57,05
10173;2025-09;64,51
10173;2025-10;52,36
10173;2025-11;57,52
10173;2025-12;61,98
10174;2025-01;190,78
10174;2025-02;153,41
10174;2025-03;158,54
10174;2025-04;200,03
10174;2025-05;189,92
10174;2025-06;159,18
10174;2025-07;198,58
10174;2025-08;166,17
10174;2025-09;178,92
10174;2025-10;160,93
10174;2025-11;191,45
10174;2025-12;189,11
10175;2025-01;97,15
10175;2025-02;93,88
10175;2025-03;89,67
10175;2025-04;93,09
10175;2025-05;85,76
10175;2025-06;102,61
10175;2025-07;110,39
10175;2025-08;101,58
10175;2025-09;91,68
10175;2025-10;86,11
10175;2025-11;91,54
10175;2025-12;97,59
10176;2025-01;226,82
10176;2025-02;201,5
10176;2025-03;224,03
10176;2025-04;207,68
10176;2025-05;212,73
10176;2025-06;205,94
10176;2025-07;1009,09
10176;2025-08;192,26
10176;2025-09;191,45
10176;2025-10;208,21
10176;2025-11;181,03
10176;2025-12;229,87
10177;2025-01;176,76
10177;2025-02;219,49
10177;2025-03;216,05
10177;2025-04;210,02
10177;2025-05;183,43
10177;2025-06;191,16
10177;2025-07;173,46
10177;2025-08;178,55
10177;2025-09;213,64
10177;2025-10;209,63
10177;2025-11;202,45
10177;2025-12;220,3
10178;2025-01;162,64
10178;2025-02;193,39
10178;2025-03;149,44
10178;2025-04;192,9
10178;2025-05;187,56
10178;2025-06;151,86
10178;2025-07;174,15
10178;2025-08;189,6
10178;2025-09;174,5
10178;2025-10;191,69
10178;2025-11;193,52
10178;2025-12;166,84
10179;2025-01;138,61
10179;2025-02;116,52
10179;2025-03;113,61
10179;2025-04;134,24
10179;2025-05;148,68
10179;2025-06;145,29
10179;2025-07;138,64
10179;2025-08;117,43
10179;2025-09;121,98
10179;2025-10;146,52
10179;2025-11;119,16
10179;2025-12;122,94
10180;2025-01;95,9
10180;2025-02;78,76
10180;2025-03;84,0
10180;2025-04;88,03
10180;2025-05;97,3
10180;2025-06;74,59
10180;2025-07;84,59
10180;2025-08;81,71
10180;2025-09;93,91
10180;2025-10;84,01
10180;2025-11;74,75
10180;2025-12;88,04
10181;2025-01;187,0
10181;2025-02;209,67
10181;2025-03;201,23
10181;2025-04;220,05
10181;2025-05;198,47
10181;2025-06;229,35
10181;2025-07;1360,67
10181;2025-08;224,8
10181;2025-09;222,18
10181;2025-10;177,71
10181;2025-11;199,93
10181;2025-12;233,13
10182;2025-01;95,83
10182;2025-02;72,62
10182;2025-03;88,47
10182;2025-04;83,09
10182;2025-05;85,88
10182;2025-06;73,45
10182;2025-07;72,39
10182;2025-08;88,09
10182;2025-09;92,02
10182;2025-10;90,98
10182;2025-11;84,99
10182;2025-12;73,82
10183;2025-01;210,08
10183;2025-02;202,71
10183;2025-03;216,41
10183;2025-04;163,92
10183;2025-05;204,24
10183;2025-06;4,53
10183;2025-07;177,38
10183;2025-08;203,59
10183;2025-09;212,34
10183;2025-10;164,5
10183;2025-11;184,87
10183;2025-12;205,74
10184;2025-01;4,29
10184;2025-02;149,74
10184;2025-03;127,83
10184;2025-04;141,28
10184;2025-05;140,62
10184;2025-06;132,45
10184;2025-07;143,6
10184;2025-08;139,06
10184;2025-09;139,48
10184;2025-10;156,94
10184;2025-11;134,28
10184;2025-12;152,67
10185;2025-01;176,66
10185;2025-02;170,87
10185;2025-03;187,59
10185;2025-04;177,29
10185;2025-05;170,8
10185;2025-06;185,09
10185;2025-07;173,79
10185;2025-08;157,87
10185;2025-09;153,62
10185;2025-10;150,86
10185;2025-11;188,61
10185;2025-12;179,04
10186;2025-01;236,2
10186;2025-02;206,65
10186;2025-03;250,36
10186;2025-04;243,97
10186;2025-05;273,12
10186;2025-06;219,47
10186;2025-07;240,3
10186;2025-08;248,88
10186;2025-09;248,43
10186;2025-10;242,48
10186;2025-11;257,88
10186;2025-12;217,03
10187;2025-01;221,38
10187;2025-02;218,48
10187;2025-03;186,9
10187;2025-04;184,59
10187;2025-05;226,46
10187;2025-06;199,49
10187;2025-07;221,99
10187;2025-08;177,92
10187;2025-09;206,35
10187;2025-10;216,26
10187;2025-11;224,43
10187;2025-12;188,21
10188;2025-01;171,68
10188;2025-02;209,02
10188;2025-03;209,02
10188;2025-04;223,29
10188;2025-05;197,59
10188;2025-06;181,74
10188;2025-07;170,73
10188;2025-08;192,74
10188;2025-09;186,0
10188;2025-10;213,24
10188;2025-11;189,1
10188;2025-12;224,39
10189;2025-01;274,07
10189;2025-02;261,84
10189;2025-03;246,25
10189;2025-04;219,55
10189;2025-05;239,82
10189;2025-06;247,27
10189;2025-07;269,35
10189;2025-08;241,48
10189;2025-09;271,81
10189;2025-10;255,54
10189;2025-11;216,39
10189;2025-12;278,9
10190;2025-01;167,82
10190;2025-02;141,38
10190;2025-03;166,74
10190;2025-04;160,09
10190;2025-05;155,69
10190;2025-06;181,94
10190;2025-07;161,26
10190;2025-08;146,68
10190;2025-09;158,2
10190;2025-10;180,33
10190;2025-11;144,61
10190;2025-12;146,43
10191;2025-01;66,83
10191;2025-02;59,76
10191;2025-03;66,19
10191;2025-04;60,51
10191;2025-05;70,96
10191;2025-06;71,23
10191;2025-07;60,47
10191;2025-08;69,11
10191;2025-09;67,59
10191;2025-10;58,91
10191;2025-11;57,45
10191;2025-12;445,16
10192;2025-01;268,27
10192;2025-02;249,93
10192;2025-03;266,83
10192;2025-04;263,12
10192;2025-05;233,49
10192;2025-06;246,21
10192;2025-07;264,6
10192;2025-08;209,42
10192;2025-09;264,84
10192;2025-10;219,0
10192;2025-11;243,5
10192;2025-12;264,85
10193;2025-01;113,5
10193;2025-02;95,84
10193;2025-03;1,99
10193;2025-04;121,85
10193;2025-05;124,24
10193;2025-06;93,45
10193;2025-07;116,7
10193;2025-08;104,06
10193;2025-09;104,73
10193;2025-10;116,48
10193;2025-11;121,81
10193;2025-12;122,87
10194;2025-01;184,29
10194;2025-02;156,98
10194;2025-03;172,91
10194;2025-04;162,46
10194;2025-05;177,63
10194;2025-06;156,44
10194;2025-07;153,96
10194;2025-08;190,94
10194;2025-09;149,39
10194;2025-10;169,96
10194;2025-11;155,45
10194;2025-12;146,19
10195;2025-01;62,48
10195;2025-02;2,91
10195;2025-03;65,57
10195;2025-04;68,45
10195;2025-05;67,18
10195;2025-06;72,03
10195;2025-07;62,48
10195;2025-08;63,9
10195;2025-09;74,75
10195;2025-10;75,8
10195;2025-11;74,72
10195;2025-12;65,23
10196;2025-01;208,12
10196;2025-02;189,82
10196;2025-03;213,96
10196;2025-04;188,66
10196;2025-05;197,75
10196;2025-06;230,45
10196;2025-07;189,97
10196;2025-08;181,48
10196;2025-09;181,34
10196;2025-10;235,81
10196;2025-11;208,7
10196;2025-12;202,61
10197;2025-01;203,29
10197;2025-02;226,5
10197;2025-03;231,48
10197;2025-04;224,0
10197;2025-05;191,69
10197;2025-06;238,21
10197;2025-07;216,58
10197;2025-08;200,1
10197;2025-09;209,27
10197;2025-10;184,37
10197;2025-11;190,17
10197;2025-12;231,12
10198;2025-01;60,41
10198;2025-02;51,99
10198;2025-03;68,52
10198;2025-04;55,07
10198;2025-05;56,48
10198;2025-06;56,47
10198;2025-07;55,15
10198;2025-08;51,03
10198;2025-09;64,13
10198;2025-10;68,41
10198;2025-11;55,04
10198;2025-12;62,94
10199;2025-01;196,3
10199;2025-02;189,08
10199;2025-03;190,43
10199;2025-04;213,78
10199;2025-05;220,06
10199;2025-06;181,77
10199;2025-07;193,18
10199;2025-08;225,19
10199;2025-09;219,45
10199;2025-10;230,19
10199;2025-11;216,29
10199;2025-12;194,52
